{
  "train_loss": [
    0.23410998244543332,
    0.19477852937337514,
    0.1703897994515058,
    0.15252342276476524,
    0.14355269879908175,
    0.13973871860149745,
    0.13746333806901365,
    0.1352112516760826,
    0.13374063493432226,
    0.1350091250764357,
    0.13406446133110975,
    0.13381886401691953,
    0.13472842807705337,
    0.13392858932147156,
    0.13436351132553978,
    0.133926375290832,
    0.13465612965661125,
    0.13523595095486254,
    0.1335346239644128,
    0.1348876520185857,
    0.13380496425403132,
    0.13450783692501686,
    0.13454987471168106,
    0.13455360765392715,
    0.1359026069576676,
    0.1348392778151744,
    0.13384623765139966,
    0.13429936887444677,
    0.13338296236218633,
    0.13461562165537397
  ],
  "val_loss": [
    0.22124624624848366,
    0.18850365094840527,
    0.1672703679651022,
    0.15373574290424585,
    0.146441288292408,
    0.14245387632399797,
    0.14033454842865467,
    0.13923606649041176,
    0.1388270389288664,
    0.1386608937755227,
    0.13855680916458368,
    0.13853007461875677,
    0.13850687071681023,
    0.13848053477704525,
    0.13841135147958994,
    0.13848285004496574,
    0.1384776895865798,
    0.13843442406505346,
    0.13843718264251947,
    0.13851356226950884,
    0.1384454406797886,
    0.1384483464062214,
    0.13845745846629143,
    0.13846754096448421,
    0.1384310582652688,
    0.13841607049107552,
    0.13842475786805153,
    0.13846700824797153,
    0.13844660948961973,
    0.13846215792000294
  ],
  "learning_rates": [
    0.002,
    0.002,
    0.002,
    0.002,
    0.002,
    0.002,
    0.002,
    0.002,
    0.002,
    0.002,
    0.002,
    0.002,
    0.002,
    0.002,
    0.002,
    0.002,
    0.002,
    0.002,
    0.002,
    0.002,
    0.001,
    0.001,
    0.001,
    0.001,
    0.001,
    0.001,
    0.0005,
    0.0005,
    0.0005,
    0.0005
  ]
}