{
  "test_loss": 0.14043695386499166,
  "mae": 0.3304339051246643,
  "mse": 0.1393633931875229,
  "rmse": 0.3733140677600067,
  "r2": -0.0016325712203979492,
  "mape": 85805.71875
}