{
  "test_loss": 0.10812123864889145,
  "mae": 0.28101077675819397,
  "mse": 0.10812123119831085,
  "rmse": 0.32881793016548055,
  "r2": -0.022511959075927734,
  "mape": 954713408.0
}